<?xml version="1.0" encoding="UTF-8"?>
<simplicite xmlns:xsi="http://www.w3.org/2001/XMLSchema-instance" xmlns="http://www.simplicite.fr/base" xsi:schemaLocation="http://www.simplicite.fr/base https://www.simplicite.io/resources/schemas/base.xsd">
<object>
	<name>BrgBurger</name>
	<action>upsert</action>
	<data>
		<brgBurgerName>L'ingénieur</brgBurgerName>
		<brgBurgerPrice>7.5</brgBurgerPrice>
		<brgBurgerPicture>BRGBurger/brgBurgerPicture/0/1/burger-basic.png</brgBurgerPicture>
		<brgBurgerDescription><![CDATA[<p>Un burger classique qui stimule les neurones</p>]]></brgBurgerDescription>
	</data>
	<data>
		<brgBurgerName>Le coach sportif</brgBurgerName>
		<brgBurgerPrice>7</brgBurgerPrice>
		<brgBurgerPicture>BRGBurger/brgBurgerPicture/0/2/burger-chicken.png</brgBurgerPicture>
		<brgBurgerDescription><![CDATA[<p>Le poulet, c'est connu, c'est bon pour la ligne !</p>]]></brgBurgerDescription>
	</data>
	<data>
		<brgBurgerName>Le maçon</brgBurgerName>
		<brgBurgerPrice>10</brgBurgerPrice>
		<brgBurgerPicture>BRGBurger/brgBurgerPicture/0/3/burger-big.png</brgBurgerPicture>
		<brgBurgerDescription><![CDATA[<p>C'est le <strong>maxi</strong> burger dont on besoin tous les vrais travailleurs</p>]]></brgBurgerDescription>
	</data>
	<data>
		<brgBurgerName>Le top model</brgBurgerName>
		<brgBurgerPrice>6.5</brgBurgerPrice>
		<brgBurgerPicture>BRGBurger/brgBurgerPicture/0/4/burger-vegie.png</brgBurgerPicture>
		<brgBurgerDescription><![CDATA[<p>Des l&eacute;gumes, des l&eacute;gumes et encore des l&eacute;gumes</p>]]></brgBurgerDescription>
	</data>
</object>
<object>
	<name>BrgIngredient</name>
	<action>upsert</action>
	<data>
		<brgIngredientName>Ananas</brgIngredientName>
		<brgIngredientPrice>1</brgIngredientPrice>
	</data>
	<data>
		<brgIngredientName>Avocat</brgIngredientName>
		<brgIngredientPrice>2.5</brgIngredientPrice>
	</data>
	<data>
		<brgIngredientName>Bacon</brgIngredientName>
		<brgIngredientPrice>0.5</brgIngredientPrice>
	</data>
	<data>
		<brgIngredientName>Cheddar</brgIngredientName>
		<brgIngredientPrice>0.5</brgIngredientPrice>
	</data>
	<data>
		<brgIngredientName>Chèvre</brgIngredientName>
		<brgIngredientPrice>2</brgIngredientPrice>
	</data>
	<data>
		<brgIngredientName>Concombre</brgIngredientName>
		<brgIngredientPrice>0.25</brgIngredientPrice>
	</data>
	<data>
		<brgIngredientName>Cordon bleu</brgIngredientName>
		<brgIngredientPrice>1.5</brgIngredientPrice>
	</data>
	<data>
		<brgIngredientName>Cornichon</brgIngredientName>
		<brgIngredientPrice>0.25</brgIngredientPrice>
	</data>
	<data>
		<brgIngredientName>Mozzarella</brgIngredientName>
		<brgIngredientPrice>1.3</brgIngredientPrice>
	</data>
	<data>
		<brgIngredientName>Oignon</brgIngredientName>
		<brgIngredientPrice>0.3</brgIngredientPrice>
	</data>
	<data>
		<brgIngredientName>Pain</brgIngredientName>
		<brgIngredientPrice>0.4</brgIngredientPrice>
	</data>
	<data>
		<brgIngredientName>Patate douce</brgIngredientName>
		<brgIngredientPrice>0.45</brgIngredientPrice>
	</data>
	<data>
		<brgIngredientName>Pomme de terre</brgIngredientName>
		<brgIngredientPrice>0.2</brgIngredientPrice>
	</data>
	<data>
		<brgIngredientName>Poulet</brgIngredientName>
		<brgIngredientPrice>1.2</brgIngredientPrice>
	</data>
	<data>
		<brgIngredientName>Salade</brgIngredientName>
		<brgIngredientPrice>0.35</brgIngredientPrice>
	</data>
	<data>
		<brgIngredientName>Steak</brgIngredientName>
		<brgIngredientPrice>3.3</brgIngredientPrice>
	</data>
	<data>
		<brgIngredientName>Steak vegetal</brgIngredientName>
		<brgIngredientPrice>2</brgIngredientPrice>
	</data>
	<data>
		<brgIngredientName>Tomate</brgIngredientName>
		<brgIngredientPrice>0.7</brgIngredientPrice>
	</data>
</object>
<object>
	<name>BrgComposition</name>
	<action>upsert</action>
	<data>
		<brgCompositionBurgerId.brgBurgerName>L'ingénieur</brgCompositionBurgerId.brgBurgerName>
		<brgCompositionIngredientId.brgIngredientName>Cornichon</brgCompositionIngredientId.brgIngredientName>
		<brgCompositionQuantity>1</brgCompositionQuantity>
	</data>
	<data>
		<brgCompositionBurgerId.brgBurgerName>L'ingénieur</brgCompositionBurgerId.brgBurgerName>
		<brgCompositionIngredientId.brgIngredientName>Mozzarella</brgCompositionIngredientId.brgIngredientName>
		<brgCompositionQuantity>1</brgCompositionQuantity>
	</data>
	<data>
		<brgCompositionBurgerId.brgBurgerName>L'ingénieur</brgCompositionBurgerId.brgBurgerName>
		<brgCompositionIngredientId.brgIngredientName>Oignon</brgCompositionIngredientId.brgIngredientName>
		<brgCompositionQuantity>1</brgCompositionQuantity>
	</data>
	<data>
		<brgCompositionBurgerId.brgBurgerName>L'ingénieur</brgCompositionBurgerId.brgBurgerName>
		<brgCompositionIngredientId.brgIngredientName>Pain</brgCompositionIngredientId.brgIngredientName>
		<brgCompositionQuantity>1</brgCompositionQuantity>
	</data>
	<data>
		<brgCompositionBurgerId.brgBurgerName>L'ingénieur</brgCompositionBurgerId.brgBurgerName>
		<brgCompositionIngredientId.brgIngredientName>Salade</brgCompositionIngredientId.brgIngredientName>
		<brgCompositionQuantity>2</brgCompositionQuantity>
	</data>
	<data>
		<brgCompositionBurgerId.brgBurgerName>L'ingénieur</brgCompositionBurgerId.brgBurgerName>
		<brgCompositionIngredientId.brgIngredientName>Steak</brgCompositionIngredientId.brgIngredientName>
		<brgCompositionQuantity>1</brgCompositionQuantity>
	</data>
	<data>
		<brgCompositionBurgerId.brgBurgerName>L'ingénieur</brgCompositionBurgerId.brgBurgerName>
		<brgCompositionIngredientId.brgIngredientName>Tomate</brgCompositionIngredientId.brgIngredientName>
		<brgCompositionQuantity>1</brgCompositionQuantity>
	</data>
	<data>
		<brgCompositionBurgerId.brgBurgerName>Le coach sportif</brgCompositionBurgerId.brgBurgerName>
		<brgCompositionIngredientId.brgIngredientName>Ananas</brgCompositionIngredientId.brgIngredientName>
		<brgCompositionQuantity>1</brgCompositionQuantity>
	</data>
	<data>
		<brgCompositionBurgerId.brgBurgerName>Le coach sportif</brgCompositionBurgerId.brgBurgerName>
		<brgCompositionIngredientId.brgIngredientName>Bacon</brgCompositionIngredientId.brgIngredientName>
		<brgCompositionQuantity>1</brgCompositionQuantity>
	</data>
	<data>
		<brgCompositionBurgerId.brgBurgerName>Le coach sportif</brgCompositionBurgerId.brgBurgerName>
		<brgCompositionIngredientId.brgIngredientName>Cheddar</brgCompositionIngredientId.brgIngredientName>
		<brgCompositionQuantity>1</brgCompositionQuantity>
	</data>
	<data>
		<brgCompositionBurgerId.brgBurgerName>Le coach sportif</brgCompositionBurgerId.brgBurgerName>
		<brgCompositionIngredientId.brgIngredientName>Oignon</brgCompositionIngredientId.brgIngredientName>
		<brgCompositionQuantity>1</brgCompositionQuantity>
	</data>
	<data>
		<brgCompositionBurgerId.brgBurgerName>Le coach sportif</brgCompositionBurgerId.brgBurgerName>
		<brgCompositionIngredientId.brgIngredientName>Pain</brgCompositionIngredientId.brgIngredientName>
		<brgCompositionQuantity>1</brgCompositionQuantity>
	</data>
	<data>
		<brgCompositionBurgerId.brgBurgerName>Le coach sportif</brgCompositionBurgerId.brgBurgerName>
		<brgCompositionIngredientId.brgIngredientName>Poulet</brgCompositionIngredientId.brgIngredientName>
		<brgCompositionQuantity>1</brgCompositionQuantity>
	</data>
	<data>
		<brgCompositionBurgerId.brgBurgerName>Le coach sportif</brgCompositionBurgerId.brgBurgerName>
		<brgCompositionIngredientId.brgIngredientName>Salade</brgCompositionIngredientId.brgIngredientName>
		<brgCompositionQuantity>1</brgCompositionQuantity>
	</data>
	<data>
		<brgCompositionBurgerId.brgBurgerName>Le maçon</brgCompositionBurgerId.brgBurgerName>
		<brgCompositionIngredientId.brgIngredientName>Avocat</brgCompositionIngredientId.brgIngredientName>
		<brgCompositionQuantity>1</brgCompositionQuantity>
	</data>
	<data>
		<brgCompositionBurgerId.brgBurgerName>Le maçon</brgCompositionBurgerId.brgBurgerName>
		<brgCompositionIngredientId.brgIngredientName>Bacon</brgCompositionIngredientId.brgIngredientName>
		<brgCompositionQuantity>2</brgCompositionQuantity>
	</data>
	<data>
		<brgCompositionBurgerId.brgBurgerName>Le maçon</brgCompositionBurgerId.brgBurgerName>
		<brgCompositionIngredientId.brgIngredientName>Cheddar</brgCompositionIngredientId.brgIngredientName>
		<brgCompositionQuantity>1</brgCompositionQuantity>
	</data>
	<data>
		<brgCompositionBurgerId.brgBurgerName>Le maçon</brgCompositionBurgerId.brgBurgerName>
		<brgCompositionIngredientId.brgIngredientName>Chèvre</brgCompositionIngredientId.brgIngredientName>
		<brgCompositionQuantity>1</brgCompositionQuantity>
	</data>
	<data>
		<brgCompositionBurgerId.brgBurgerName>Le maçon</brgCompositionBurgerId.brgBurgerName>
		<brgCompositionIngredientId.brgIngredientName>Cornichon</brgCompositionIngredientId.brgIngredientName>
		<brgCompositionQuantity>1</brgCompositionQuantity>
	</data>
	<data>
		<brgCompositionBurgerId.brgBurgerName>Le maçon</brgCompositionBurgerId.brgBurgerName>
		<brgCompositionIngredientId.brgIngredientName>Mozzarella</brgCompositionIngredientId.brgIngredientName>
		<brgCompositionQuantity>1</brgCompositionQuantity>
	</data>
	<data>
		<brgCompositionBurgerId.brgBurgerName>Le maçon</brgCompositionBurgerId.brgBurgerName>
		<brgCompositionIngredientId.brgIngredientName>Pain</brgCompositionIngredientId.brgIngredientName>
		<brgCompositionQuantity>1</brgCompositionQuantity>
	</data>
	<data>
		<brgCompositionBurgerId.brgBurgerName>Le maçon</brgCompositionBurgerId.brgBurgerName>
		<brgCompositionIngredientId.brgIngredientName>Pomme de terre</brgCompositionIngredientId.brgIngredientName>
		<brgCompositionQuantity>1</brgCompositionQuantity>
	</data>
	<data>
		<brgCompositionBurgerId.brgBurgerName>Le maçon</brgCompositionBurgerId.brgBurgerName>
		<brgCompositionIngredientId.brgIngredientName>Steak</brgCompositionIngredientId.brgIngredientName>
		<brgCompositionQuantity>2</brgCompositionQuantity>
	</data>
	<data>
		<brgCompositionBurgerId.brgBurgerName>Le maçon</brgCompositionBurgerId.brgBurgerName>
		<brgCompositionIngredientId.brgIngredientName>Tomate</brgCompositionIngredientId.brgIngredientName>
		<brgCompositionQuantity>1</brgCompositionQuantity>
	</data>
	<data>
		<brgCompositionBurgerId.brgBurgerName>Le top model</brgCompositionBurgerId.brgBurgerName>
		<brgCompositionIngredientId.brgIngredientName>Avocat</brgCompositionIngredientId.brgIngredientName>
		<brgCompositionQuantity>1</brgCompositionQuantity>
	</data>
	<data>
		<brgCompositionBurgerId.brgBurgerName>Le top model</brgCompositionBurgerId.brgBurgerName>
		<brgCompositionIngredientId.brgIngredientName>Concombre</brgCompositionIngredientId.brgIngredientName>
		<brgCompositionQuantity>1</brgCompositionQuantity>
	</data>
	<data>
		<brgCompositionBurgerId.brgBurgerName>Le top model</brgCompositionBurgerId.brgBurgerName>
		<brgCompositionIngredientId.brgIngredientName>Mozzarella</brgCompositionIngredientId.brgIngredientName>
		<brgCompositionQuantity>1</brgCompositionQuantity>
	</data>
	<data>
		<brgCompositionBurgerId.brgBurgerName>Le top model</brgCompositionBurgerId.brgBurgerName>
		<brgCompositionIngredientId.brgIngredientName>Salade</brgCompositionIngredientId.brgIngredientName>
		<brgCompositionQuantity>1</brgCompositionQuantity>
	</data>
	<data>
		<brgCompositionBurgerId.brgBurgerName>Le top model</brgCompositionBurgerId.brgBurgerName>
		<brgCompositionIngredientId.brgIngredientName>Steak vegetal</brgCompositionIngredientId.brgIngredientName>
		<brgCompositionQuantity>1</brgCompositionQuantity>
	</data>
</object>
<object>
	<name>BrgCustomer</name>
	<action>upsert</action>
	<data>
		<brgCustomerEmail>ade.azoulay@gmail.com</brgCustomerEmail>
		<brgCustomerPhone>+33612345678</brgCustomerPhone>
		<brgCustomerLastname>AZOULAY</brgCustomerLastname>
		<brgCustomerFirstname>Adrien</brgCustomerFirstname>
	</data>
	<data>
		<brgCustomerEmail>charlottee.renault@gmail.com</brgCustomerEmail>
		<brgCustomerPhone/>
		<brgCustomerLastname>RENAULT</brgCustomerLastname>
		<brgCustomerFirstname>Charlotte</brgCustomerFirstname>
	</data>
</object>
<object>
	<name>BrgExclusion</name>
	<action>upsert</action>
	<data>
		<brgExclusionCustomerId.brgCustomerEmail>ade.azoulay@gmail.com</brgExclusionCustomerId.brgCustomerEmail>
		<brgExclusionIngredientId.brgIngredientName>Ananas</brgExclusionIngredientId.brgIngredientName>
	</data>
	<data>
		<brgExclusionCustomerId.brgCustomerEmail>ade.azoulay@gmail.com</brgExclusionCustomerId.brgCustomerEmail>
		<brgExclusionIngredientId.brgIngredientName>Chèvre</brgExclusionIngredientId.brgIngredientName>
	</data>
	<data>
		<brgExclusionCustomerId.brgCustomerEmail>charlottee.renault@gmail.com</brgExclusionCustomerId.brgCustomerEmail>
		<brgExclusionIngredientId.brgIngredientName>Chèvre</brgExclusionIngredientId.brgIngredientName>
	</data>
	<data>
		<brgExclusionCustomerId.brgCustomerEmail>charlottee.renault@gmail.com</brgExclusionCustomerId.brgCustomerEmail>
		<brgExclusionIngredientId.brgIngredientName>Salade</brgExclusionIngredientId.brgIngredientName>
	</data>
</object>
<object>
	<name>BrgOrder</name>
	<action>upsert</action>
</object>
</simplicite>